,temperature,temperature,temperature,temperature,pressure,pressure,pressure,pressure,vibration,vibration,vibration,vibration,humidity,humidity,humidity,humidity
,mean,std,min,max,mean,std,min,max,mean,std,min,max,mean,std,min,max
location,,,,,,,,,,,,,,,,
Atlanta,71.23668246699323,16.1482310925959,10.538506609269175,149.6904197890206,35.578596502312045,10.40375809329454,4.306755612325045,79.81261650031917,1.6077105212423157,0.7025398643659333,0.0061149569416263,4.977295458157817,50.40795326296359,11.774525464362384,10.215076711940103,89.9617941490408
Chicago,70.4027676716731,16.675414992133156,10.772044827226315,147.99313176682858,35.626212168240194,10.230531421530278,5.716737072998964,79.38119757447653,1.6027110911948614,0.7161223801499534,-0.317600113770051,4.971826239738565,49.5290362018957,11.652337752274617,11.463408556056384,89.53528238169642
Houston,70.31113514748384,16.150377165636062,10.269384763629008,149.4804055105067,35.74341593554843,10.055235017568123,3.620797987053262,79.88773351925018,1.621551048866083,0.7458795260404524,-0.1251667380978529,4.987202143781754,50.12598531251554,11.789854764755235,10.719372912705492,89.04436991386306
New York,71.04660200993554,16.05610945187345,11.153556391477718,149.37008810743578,36.06283112476965,10.468787737251581,5.1863349777181,79.58776769717531,1.6047311178425803,0.744286952004484,-0.4281876646202984,4.990537369353191,50.385066567128916,12.017350582378016,10.271230303815324,89.88365229977478
San Francisco,71.64674609613971,15.927300978189644,11.749261570059463,148.92336873207364,35.683447585162796,10.760760868598403,5.347563945414741,79.61094544808543,1.622788570402907,0.7344840641154714,-0.1647518987540646,4.9749379038247215,49.620448042174225,11.964945102082316,11.399473668575606,89.98471787562592
