,temperature,temperature,temperature,temperature,pressure,pressure,pressure,pressure,vibration,vibration,vibration,vibration,humidity,humidity,humidity,humidity
,mean,std,min,max,mean,std,min,max,mean,std,min,max,mean,std,min,max
equipment,,,,,,,,,,,,,,,,
Compressor,71.48282463342181,16.543282310503816,10.538506609269175,149.6904197890206,35.72866706210442,10.368603762432882,3.620797987053262,79.58776769717531,1.6076481892822359,0.7428561280945402,-0.1674463553129148,4.977295458157817,50.178354291122375,11.804647542118353,10.215076711940103,89.68131881822897
Pump,70.63402803879289,15.781869477321564,10.269384763629008,149.37008810743578,35.62902063590489,10.501268344693337,5.1863349777181,79.81261650031917,1.6133225730384961,0.7002988201434506,-0.317600113770051,4.987202143781754,50.19735141475646,11.874382049675834,10.271230303815324,89.88365229977478
Turbine,70.64534798605841,16.251520676462658,11.220334757721451,149.4804055105067,35.85516874189824,10.278006186741337,5.165296383776329,79.88773351925018,1.6144880978499179,0.7416058047430867,-0.4281876646202984,4.990537369353191,49.67569529997706,11.843053962705099,10.719372912705492,89.98471787562592
